1,jrowling0@cnn.com,Female,Julee Rowling,+86 308 371 8219,56,China,Financial Advisor
2,utackett1@bravesites.com,Male,Urbain Tackett,+86 472 409 5015,9,China,Nurse
3,webenezer2@springer.com,Male,Wilhelm Ebenezer,+86 408 870 7076,39,China,Occupational Therapist
4,gcaughtry3@imdb.com,Female,Gerrilee Caughtry,+86 573 728 0072,39,China,Professor
5,wtzar4@nba.com,Male,Walt Tzar,+86 396 495 9995,14,China,Paralegal
6,rmalins5@mlb.com,Male,Ransom Malins,+86 992 327 6151,9,China,Administrative Officer
7,sonslow6@privacy.gov.au,Male,Stephan Onslow,+86 309 877 5358,43,China,Staff Scientist
8,sbrownjohn7@xinhuanet.com,Male,Shannan Brownjohn,+86 987 917 9652,14,China,Web Designer III
9,jpilipets8@cam.ac.uk,Male,Jarrett Pilipets,+86 856 671 5855,36,China,Media Manager I
10,bshurrocks9@fda.gov,Male,Brand Shurrocks,+86 347 705 1608,25,China,Marketing Assistant
11,isancrofta@typepad.com,Male,Isacco Sancroft,+86 855 430 2186,26,China,Payment Adjustment Coordinator
12,tbrotherheadb@tiny.cc,Female,Tallulah Brotherhead,+86 668 280 3346,49,China,Developer I
13,ndrewryc@usa.gov,Female,Ninnetta Drewry,+86 220 483 5239,15,China,Developer IV
14,rreadyd@auda.org.au,Female,Rana Ready,+1 402 687 8890,52,United States,Software Test Engineer IV
15,cmapame@guardian.co.uk,Male,Cletus Mapam,+86 696 645 9517,59,China,Research Assistant IV
16,lminnettef@oaic.gov.au,Female,Lynnea Minnette,+86 688 440 6510,45,China,Automation Specialist II
17,moneilg@fotki.com,Female,Morgan O'Neil,+86 596 299 5693,34,China,Social Worker
18,edelbergueh@wisc.edu,Male,Earle Delbergue,+86 915 383 3783,32,China,Tax Accountant
19,nmaymondi@senate.gov,Female,Nickie Maymond,+86 622 591 8689,32,China,Nurse Practicioner
20,kcoplandj@examiner.com,Female,Karol Copland,+86 412 954 4653,42,China,Senior Quality Engineer
21,zansteadk@ning.com,Female,Zola Anstead,+1 612 419 9207,29,United States,Nurse Practicioner
22,iflintl@pen.io,Male,Ira Flint,+86 664 759 0979,1,China,VP Accounting
23,vcrookm@cornell.edu,Male,Vaughan Crook,+86 827 399 9511,35,China,Occupational Therapist
24,uashelfordn@umich.edu,Male,Ulrich Ashelford,+86 313 415 1397,30,China,Financial Advisor
25,abroscombeo@theglobeandmail.com,Male,Adrian Broscombe,+86 578 220 0234,31,China,Assistant Media Planner
26,mcharlwoodp@g.co,Female,Margarete Charlwood,+1 205 570 7341,42,United States,Financial Analyst
27,mfairecloughq@plala.or.jp,Male,Mick Faireclough,+86 562 180 4999,48,China,Senior Developer
28,ilarimerr@cbc.ca,Female,Ilise Larimer,+86 291 700 6927,3,China,Nurse
29,dparmans@bing.com,Male,Dael Parman,+86 414 260 5668,2,China,Human Resources Manager
30,vwadwortht@facebook.com,Female,Verena Wadworth,+977 776 964 7347,39,Nepal,Assistant Media Planner
31,pdeu@craigslist.org,Male,Petey De Maria,+86 654 846 5047,34,China,Information Systems Manager
32,okaserv@theglobeandmail.com,Female,Olympie Kaser,+86 927 696 8137,9,China,VP Product Management
33,kcuniamw@lycos.com,Female,Kyle Cuniam,+86 230 938 9298,18,China,Safety Technician III
34,slusherx@free.fr,Male,Sterling Lusher,+1 216 487 2878,9,United States,Technical Writer
35,iwinspury@ask.com,Female,Iris Winspur,+86 481 839 8694,36,China,Biostatistician II
36,rcowlardz@cnet.com,Male,Ryan Cowlard,+86 554 959 6888,17,China,Administrative Officer
37,scristofaro10@china.com.cn,Male,Sylvester Cristofaro,+86 597 759 2386,3,China,Senior Quality Engineer
38,dmcettigen11@over-blog.com,Male,Dewie McEttigen,+86 588 353 0587,26,China,Assistant Professor
39,jbushell12@trellian.com,Male,Jamal Bushell,+86 204 475 8719,54,China,Compensation Analyst
40,caymerich13@state.tx.us,Female,Catlee Aymerich,+86 575 680 9640,29,China,Data Coordiator
41,vellen14@who.int,Male,Von Ellen,+86 902 652 8863,19,China,Information Systems Manager
42,blinton15@intel.com,Male,Boony Linton,+86 334 784 1954,42,China,Design Engineer
43,hgiacomo16@forbes.com,Male,Hussein Giacomo,+86 957 986 0524,35,China,Business Systems Development Analyst
44,dmichel17@dmoz.org,Male,Darnall Michel,+86 205 150 7950,8,China,Research Associate
45,cbrik18@geocities.com,Female,Cassy Brik,+1 478 888 9284,36,United States,Nurse Practicioner
46,rosmint19@harvard.edu,Female,Rozamond Osmint,+86 891 586 5886,42,China,Account Coordinator
47,lcavey1a@weibo.com,Male,Ludovico Cavey,+86 385 673 7858,15,China,VP Marketing
48,kfrome1b@pen.io,Female,Kari Frome,+86 517 912 3887,49,China,Sales Representative
49,hbenedite1c@marriott.com,Male,Heindrick Benedite,+86 208 300 2359,31,China,Environmental Specialist
50,msaich1d@virginia.edu,Male,Mathe Saich,+86 901 291 2067,16,China,Project Manager
51,tshawyers1e@gnu.org,Male,Thorin Shawyers,+1 914 129 3932,38,United States,Editor
52,rclashe1f@de.vu,Male,Ramsay Clashe,+86 844 836 9422,11,China,Structural Analysis Engineer
53,wcossell1g@msn.com,Male,Wernher Cossell,+86 550 666 8693,19,China,Speech Pathologist
54,macreman1h@photobucket.com,Female,Mirna Acreman,+86 566 664 9767,60,China,Operator
55,bwink1i@slate.com,Female,Brier Wink,+86 360 909 7363,9,China,Assistant Manager
56,ewatsonbrown1j@netlog.com,Female,Elbertine Watson-Brown,+86 831 766 0993,3,China,Assistant Manager
57,bmacard1k@github.io,Female,Beret MacArd,+1 813 780 0195,8,United States,Administrative Assistant IV
58,spresley1l@umich.edu,Male,Shanan Presley,+66 915 933 4547,25,Thailand,Senior Quality Engineer
59,hhighnam1m@intel.com,Female,Horatia Highnam,+86 478 498 2540,58,China,Administrative Assistant III
60,laspden1n@dell.com,Female,Leanor Aspden,+977 895 557 4603,50,Nepal,Database Administrator I
61,wgabbetis1o@miitbeian.gov.cn,Male,Wadsworth Gabbetis,+66 145 324 5976,1,Thailand,Biostatistician III
62,umackerness1p@163.com,Male,Uriah Mackerness,+86 543 735 6842,28,China,Recruiting Manager
63,csteane1q@google.cn,Female,Carmita Steane,+27 572 872 4625,19,South Africa,Legal Assistant
64,ntoor1r@php.net,Female,Nathalie Toor,+66 454 987 8908,33,Thailand,Nuclear Power Engineer
65,bmonnoyer1s@scientificamerican.com,Male,Baily Monnoyer,+86 183 264 5165,59,China,VP Marketing
66,cpapen1t@dailymotion.com,Male,Cesar Papen,+86 460 379 8382,21,China,VP Quality Control
67,fdeverson1u@usa.gov,Male,Free Deverson,+86 295 566 0445,48,China,GIS Technical Architect
68,gfrosdick1v@google.co.uk,Female,Gracia Frosdick,+86 138 757 0263,55,China,Chemical Engineer
69,jdoveston1w@accuweather.com,Female,Juliann Doveston,+86 852 448 3239,48,China,Computer Systems Analyst II
70,rskae1x@goo.gl,Female,Risa Skae,+86 512 118 9558,36,China,Staff Accountant II
71,ebeattie1y@acquirethisname.com,Male,Emmott Beattie,+86 659 123 3981,46,China,Programmer Analyst III
72,zlittley1z@macromedia.com,Male,Zelig Littley,+86 219 115 7455,46,China,VP Marketing
73,sgisburne20@nymag.com,Female,Selene Gisburne,+86 975 231 6887,15,China,Financial Advisor
74,adymick21@independent.co.uk,Female,Angelita Dymick,+86 140 205 0804,47,China,Health Coach III
75,pbolesma22@live.com,Male,Petr Bolesma,+86 764 599 7849,38,China,Assistant Professor
76,bjocic23@nyu.edu,Female,Beverley Jocic,+1 407 477 1081,36,United States,Sales Representative
77,hsallery24@japanpost.jp,Female,Hesther Sallery,+86 213 600 5511,40,China,Staff Scientist
78,sgoodson25@webmd.com,Female,Shirleen Goodson,+86 970 298 1393,2,China,General Manager
79,opitherick26@ifeng.com,Female,Ottilie Pitherick,+86 496 354 8212,35,China,Environmental Specialist
80,bboyton27@comcast.net,Female,Brigit Boyton,+1 321 441 9581,26,United States,Marketing Assistant
81,druddle28@sogou.com,Female,Davita Ruddle,+86 991 124 7375,28,China,Operator
82,tpencot29@shinystat.com,Male,Tom Pencot,+86 801 407 9512,11,China,Recruiting Manager
83,jdevigne2a@over-blog.com,Female,Julienne Devigne,+86 692 678 0641,29,China,Compensation Analyst
84,jkonzelmann2b@springer.com,Male,Jarrett Konzelmann,+86 331 719 3074,47,China,Electrical Engineer
85,dpodmore2c@mtv.com,Male,Drake Podmore,+86 518 432 4998,22,China,Teacher
86,sarnoult2d@narod.ru,Male,Scot Arnoult,+27 192 413 3133,48,South Africa,Community Outreach Specialist
87,sdudden2e@360.cn,Female,Stephine Dudden,+86 560 824 1913,48,China,Payment Adjustment Coordinator
88,yackerley2f@independent.co.uk,Female,Yolane Ackerley,+86 762 566 7235,51,China,Payment Adjustment Coordinator
89,mcolliber2g@foxnews.com,Female,Melodie Colliber,+86 779 434 8523,2,China,Office Assistant II
90,tjoncic2h@xinhuanet.com,Male,Tymothy Joncic,+86 912 345 4566,34,China,Human Resources Manager
91,bbreit2i@slashdot.org,Male,Barris Breit,+1 302 542 2808,8,United States,VP Sales
92,ksprague2j@yahoo.com,Male,Krishna Sprague,+86 996 583 4707,12,China,Automation Specialist IV
93,speacey2k@independent.co.uk,Female,Suellen Peacey,+86 153 475 5588,38,China,GIS Technical Architect
94,wpipe2l@liveinternet.ru,Male,Wilfred Pipe,+66 522 623 5283,32,Thailand,Sales Representative
95,umacia2m@telegraph.co.uk,Female,Ulrike Macia,+86 551 604 4991,11,China,Software Engineer IV
96,briddall2n@dropbox.com,Female,Bryn Riddall,+86 658 168 1431,10,China,Human Resources Manager
97,hdyble2o@ebay.com,Male,Herrick Dyble,+86 380 345 5686,48,China,GIS Technical Architect
98,lklimentov2p@telegraph.co.uk,Female,Laina Klimentov,+86 238 276 7557,48,China,Senior Cost Accountant
99,tsillick2q@hostgator.com,Male,Tait Sillick,+86 602 361 7240,6,China,Senior Editor
100,rghidoli2r@uiuc.edu,Female,Renae Ghidoli,+86 740 513 7843,17,China,Programmer Analyst I
101,lellesworth2s@gravatar.com,Female,Lila Ellesworth,+66 500 411 8917,14,Thailand,Account Representative III
102,mwhysall2t@hostgator.com,Male,Martin Whysall,+86 809 136 3014,22,China,Staff Accountant IV
103,jainger2u@sitemeter.com,Male,Jim Ainger,+66 759 922 9276,42,Thailand,Analyst Programmer
104,dhow2v@dot.gov,Male,Damian How to preserve,+86 659 918 4137,38,China,Recruiter
105,seberdt2w@washingtonpost.com,Male,Sampson Eberdt,+86 292 544 1783,54,China,Assistant Manager
106,bsaph2x@360.cn,Female,Bobbe Saph,+86 588 574 8303,6,China,Associate Professor
107,nborth2y@ycombinator.com,Female,Norma Borth,+86 976 811 2140,24,China,Food Chemist
108,arook2z@hugedomains.com,Female,Allx Rook,+1 760 556 7284,43,United States,Quality Engineer
109,bcritchell30@rakuten.co.jp,Male,Benedick Critchell,+86 389 579 0677,7,China,Electrical Engineer
110,rgilbert31@sciencedirect.com,Male,Richart Gilbert,+86 534 892 4062,15,China,Compensation Analyst
111,bsantoro32@bravesites.com,Female,Brear Santoro,+86 721 380 9782,41,China,VP Product Management
112,mmiddup33@youtu.be,Male,Moss Middup,+86 552 780 2177,51,China,Systems Administrator III
113,bstiell34@arizona.edu,Female,Barb Stiell,+86 791 813 4735,10,China,Staff Scientist
114,cmadge35@shutterfly.com,Female,Carmon Madge,+86 636 578 6327,41,China,Electrical Engineer
115,ichadd36@delicious.com,Male,Ive Chadd,+86 776 686 2228,51,China,Payment Adjustment Coordinator
116,freagan37@wisc.edu,Male,Fabian Reagan,+86 888 733 5318,42,China,Analog Circuit Design manager
117,ccaller38@shutterfly.com,Female,Corena Caller,+86 307 358 4125,60,China,Information Systems Manager
118,etupie39@va.gov,Female,Elisa Tupie,+86 309 932 0474,6,China,Human Resources Manager
119,rdarville3a@webs.com,Male,Rickert Darville,+86 589 214 4539,11,China,Geological Engineer
120,gfindlow3b@joomla.org,Male,Gabriello Findlow,+1 970 976 0023,19,United States,Automation Specialist III
121,ericciardi3c@wordpress.com,Female,Eustacia Ricciardi,+86 947 435 4774,22,China,Staff Accountant IV
122,hmckeown3d@ebay.co.uk,Male,Hartwell McKeown,+86 930 776 8543,55,China,Physical Therapy Assistant
123,vboxell3e@instagram.com,Female,Van Boxell,+86 761 463 1379,28,China,Budget/Accounting Analyst III
124,cdooman3f@nyu.edu,Female,Christabella Dooman,+86 622 610 4820,16,China,Help Desk Operator
125,toveral3g@weibo.com,Female,Terra Overal,+86 418 992 0826,52,China,Geological Engineer
126,mgimblet3h@opera.com,Male,Millard Gimblet,+86 219 401 0697,10,China,Office Assistant II
127,aanyon3i@noaa.gov,Male,Albie Anyon,+1 212 699 4637,32,United States,Food Chemist
128,lmurtagh3j@answers.com,Female,Laurice Murtagh,+86 884 712 9608,44,China,Legal Assistant
129,lmcallister3k@zdnet.com,Female,Lotti McAllister,+64 445 317 9401,43,New Zealand,Dental Hygienist
130,glansdown3l@domainmarket.com,Male,George Lansdown,+1 865 900 4509,33,United States,Speech Pathologist
131,nlangston3m@reverbnation.com,Female,Nessy Langston,+86 609 444 9373,45,China,Executive Secretary
132,cspickett3n@mit.edu,Female,Cristi Spickett,+86 127 727 5789,1,China,Recruiter
133,ulebell3o@clickbank.net,Male,Ulrich Lebell,+66 138 889 3617,31,Thailand,VP Product Management
134,mferenczi3p@freewebs.com,Male,Marietta Ferenczi,+86 351 798 0642,8,China,Librarian
135,sohms3q@goo.gl,Female,Shanda Ohms,+86 196 527 0060,32,China,Statistician IV
136,pbamber3r@lulu.com,Female,Pearle Bamber,+86 857 670 3056,31,China,Chemical Engineer
137,erichardsson3s@ucla.edu,Male,Elmo Richardsson,+86 563 415 5923,6,China,Software Test Engineer IV
138,hmenicomb3t@joomla.org,Female,Hali Menicomb,+44 511 796 9486,38,United Kingdom,Senior Developer
139,ldunks3u@cdbaby.com,Female,Laura Dunks,+86 780 393 7885,50,China,Community Outreach Specialist
140,uwitts3v@pbs.org,Male,Ugo Witts,+86 224 672 3576,20,China,Registered Nurse
141,fmustoo3w@tripadvisor.com,Male,Fraze Mustoo,+1 321 218 3052,58,United States,Director of Sales
142,hwellbeloved3x@wikia.com,Male,Hector Wellbeloved,+86 887 172 2390,35,China,Research Associate
143,ncrosser3y@bbc.co.uk,Male,Neel Crosser,+86 407 680 6134,24,China,Senior Cost Accountant
144,ljacklings3z@topsy.com,Male,Lothaire Jacklings,+86 281 404 3087,13,China,Systems Administrator II
145,dle40@scientificamerican.com,Female,Deane Le Sarr,+86 695 571 5171,11,China,Marketing Manager
146,mmendus41@columbia.edu,Male,Morrie Mendus,+27 866 960 3283,13,South Africa,Human Resources Assistant I
147,lowlner42@upenn.edu,Female,Lotti Owlner,+66 768 733 5008,45,Thailand,Project Manager
148,rskellern43@amazon.co.uk,Male,Renaud Skellern,+86 956 801 0611,24,China,Staff Scientist
149,ecave44@bing.com,Female,Emelyne Cave,+66 524 947 8636,20,Thailand,Data Coordiator
150,mcribbins45@joomla.org,Female,Milka Cribbins,+86 109 770 5882,48,China,Safety Technician I
151,cspeerman46@slashdot.org,Male,Chen Speerman,+86 328 984 7387,43,China,Senior Financial Analyst
152,ypile47@rediff.com,Male,York Pile,+1 202 118 4767,22,United States,Occupational Therapist
153,tmoon48@liveinternet.ru,Male,Tripp Moon,+86 138 511 2226,32,China,Payment Adjustment Coordinator
154,rorthmann49@skype.com,Male,Raimund Orthmann,+86 375 349 5564,15,China,Developer IV
155,ecaston4a@infoseek.co.jp,Male,Everett Caston,+64 128 959 7814,52,New Zealand,Speech Pathologist
156,jgiriardelli4b@unc.edu,Female,Jaynell Giriardelli,+66 825 495 8003,29,Thailand,Food Chemist
157,gmanuello4c@webeden.co.uk,Female,Gloriane Manuello,+86 226 804 3251,14,China,Senior Developer
158,nbromilow4d@cbsnews.com,Male,Natal Bromilow,+86 583 357 4839,54,China,Teacher
159,ncasotti4e@utexas.edu,Female,Nananne Casotti,+86 635 153 7671,30,China,Dental Hygienist
160,dgrowy4f@naver.com,Male,Demetre Growy,+1 757 652 3440,45,United States,Editor
161,kbarbier4g@canalblog.com,Male,Kingsly Barbier,+44 157 452 9596,20,United Kingdom,Nurse
162,nhammersley4h@hexun.com,Female,Norean Hammersley,+86 332 230 7593,38,China,Sales Representative
163,ckeggins4i@xrea.com,Male,Cosme Keggins,+66 260 901 3939,59,Thailand,Health Coach III
164,smcgettrick4j@harvard.edu,Female,Sheila-kathryn McGettrick,+66 655 486 6938,54,Thailand,Technical Writer
165,koakes4k@nature.com,Male,Karlan Oakes,+86 915 641 8459,44,China,Programmer IV
166,dodougherty4l@hostgator.com,Male,Daryl O'Dougherty,+977 385 673 4945,30,Nepal,Executive Secretary
167,sballance4m@so-net.ne.jp,Female,Susana Ballance,+86 954 126 2500,23,China,Senior Developer
168,abaude4n@reddit.com,Female,Anitra Baude,+66 670 335 1987,27,Thailand,Research Assistant I
169,sshapter4o@istockphoto.com,Female,Stesha Shapter,+86 698 153 2013,4,China,Dental Hygienist
170,wjagoe4p@mit.edu,Male,Wilbert Jagoe,+86 812 278 3064,24,China,Engineer II
171,chewkin4q@163.com,Male,Christoforo Hewkin,+86 313 827 7236,8,China,Internal Auditor
172,esurgenor4r@home.pl,Male,Emlyn Surgenor,+86 691 304 3214,4,China,Operator
173,dladloe4s@naver.com,Female,Dorice Ladloe,+1 817 262 0779,54,United States,Programmer III
174,cyaus4t@cnet.com,Male,Cullie Yaus,+86 105 927 0463,2,China,Librarian
175,tmusk4u@webs.com,Male,Tam Musk,+86 370 188 9249,44,China,Geologist III
176,alanda4v@tripod.com,Male,Alexandros Landa,+86 819 538 3250,37,China,Help Desk Technician
177,bpiotrkowski4w@globo.com,Male,Basile Piotrkowski,+27 768 110 0901,9,South Africa,Associate Professor
178,ldracksford4x@yellowbook.com,Female,Loree Dracksford,+66 969 209 2035,58,Thailand,Pharmacist
179,ncollcott4y@exblog.jp,Male,Nataniel Collcott,+86 665 171 0244,1,China,Marketing Manager
180,vhabbes4z@yellowbook.com,Female,Veriee Habbes,+880 417 761 0463,8,Bangladesh,Software Test Engineer I
181,bmcilreavy50@studiopress.com,Female,Berti McIlreavy,+86 385 324 5261,4,China,VP Sales
182,sstringfellow51@oaic.gov.au,Male,Sly Stringfellow,+86 130 114 0290,59,China,Software Consultant
183,aalennikov52@paginegialle.it,Female,Allina Alennikov,+86 188 952 8386,41,China,Quality Control Specialist
184,cwalch53@amazonaws.com,Male,Cos Walch,+27 907 439 0604,21,South Africa,Assistant Professor
185,mvankin54@msu.edu,Female,Marlene Vankin,+1 484 982 7476,17,United States,Product Engineer
186,dturbern55@independent.co.uk,Male,Derron Turbern,+86 277 160 2688,37,China,Recruiter
187,mwaszczyk56@free.fr,Female,Maryellen Waszczyk,+86 216 671 7908,49,China,Developer IV
188,gvaughten57@bloomberg.com,Male,Gannie Vaughten,+86 360 271 8776,35,China,Statistician III
189,lbasso58@ted.com,Female,Lucine Basso,+86 713 806 1548,39,China,Sales Representative
190,mleggs59@wix.com,Male,Merwin Leggs,+86 969 223 4308,3,China,Help Desk Technician
191,kshill5a@ebay.com,Male,Kellen Shill,+86 648 581 0549,6,China,Software Consultant
192,efenix5b@paypal.com,Male,Emmet Fenix,+66 128 798 6298,8,Thailand,Research Assistant I
193,pdonnan5c@tamu.edu,Male,Panchito Donnan,+86 118 483 1088,60,China,Legal Assistant
194,tmcateer5d@answers.com,Male,Timotheus McAteer,+86 546 399 8356,37,China,Research Nurse
195,cgipson5e@webnode.com,Female,Charmaine Gipson,+86 867 208 7985,14,China,Professor
196,mfairebrother5f@clickbank.net,Female,Mary Fairebrother,+66 527 942 0788,1,Thailand,Senior Editor
197,cjojic5g@ft.com,Male,Chaunce Jojic,+86 895 390 2026,25,China,General Manager
198,rpallant5h@deliciousdays.com,Male,Ruperto Pallant,+86 607 533 6905,36,China,Food Chemist
199,rpiniur5i@histats.com,Male,Roderick Piniur,+86 366 336 8831,35,China,GIS Technical Architect
200,srobardley5j@slideshare.net,Male,Skippy Robardley,+86 591 822 4061,57,China,Developer II
201,kgomar5k@uiuc.edu,Female,Karlotta Gomar,+86 890 448 5245,39,China,Occupational Therapist
202,fhusk5l@shinystat.com,Female,Fulvia Husk,+86 548 713 6822,40,China,Cost Accountant
203,pfeatonby5m@diigo.com,Male,Paten Featonby,+86 993 617 2175,5,China,Developer I
204,aferrarini5n@stanford.edu,Male,Abey Ferrarini,+27 642 885 0105,41,South Africa,Project Manager
205,aquinby5o@google.es,Male,Abrahan Quinby,+44 797 781 6695,39,United Kingdom,Recruiting Manager
206,nmoret5p@admin.ch,Male,Northrop Moret,+86 183 678 6343,36,China,VP Accounting
207,ehanselman5q@nymag.com,Male,Elsworth Hanselman,+66 533 887 5445,58,Thailand,Environmental Tech
208,rescofier5r@hc360.com,Female,Rosamund Escofier,+86 921 267 8133,8,China,Programmer II
209,jbalcock5s@springer.com,Female,Jackie Balcock,+86 552 506 5378,5,China,Sales Representative
210,dcollingdon5t@phpbb.com,Female,Daisie Collingdon,+1 804 242 2718,51,United States,Senior Sales Associate
211,fnanson5u@drupal.org,Female,Faythe Nanson,+1 202 674 8638,52,United States,VP Product Management
212,blashford5v@goo.gl,Female,Brynne Lashford,+86 884 204 5148,9,China,Marketing Manager
213,tsandham5w@timesonline.co.uk,Female,Toni Sandham,+86 951 708 0141,4,China,VP Marketing
214,dneville5x@loc.gov,Male,Dimitri Neville,+86 854 837 3298,46,China,Structural Engineer
215,fbrown5y@hc360.com,Female,Fidelia Brown,+1 202 403 9520,25,United States,Data Coordiator
216,dwadley5z@ehow.com,Female,Dorry Wadley,+86 999 124 7905,37,China,Help Desk Technician
217,cdurram60@dagondesign.com,Female,Carmel Durram,+86 587 485 8794,58,China,Information Systems Manager
218,nkubas61@blogtalkradio.com,Female,Nadya Kubas,+86 536 207 1722,32,China,Staff Accountant I
219,ehaller62@statcounter.com,Female,Elana Haller,+86 873 776 0752,30,China,Assistant Manager
220,wdelos63@samsung.com,Male,Wilburt Delos,+86 638 164 4180,59,China,Research Assistant III
221,mmacdowal64@jimdo.com,Male,Maximilien MacDowal,+86 826 653 2327,5,China,Engineer I
222,bwalkden65@soundcloud.com,Male,Bat Walkden,+86 484 271 0683,52,China,Quality Engineer
223,merangy66@t.co,Female,Madelaine Erangy,+86 285 742 2754,57,China,VP Accounting
224,gsegot67@google.ca,Male,Gav Segot,+86 795 309 6844,37,China,Community Outreach Specialist
225,jgiveen68@cocolog-nifty.com,Female,Joly Giveen,+86 305 959 8512,8,China,Environmental Specialist
226,jesherwood69@yellowbook.com,Female,Jeana Esherwood,+86 324 827 1261,42,China,Financial Advisor
227,ggregson6a@craigslist.org,Male,Gallard Gregson,+86 264 635 8927,43,China,Help Desk Operator
228,greese6b@cmu.edu,Male,Gibb Reese,+86 427 234 3378,24,China,Product Engineer
229,spetrussi6c@sogou.com,Male,Sonny Petrussi,+86 333 911 7227,53,China,Media Manager III
230,gspringtorpe6d@zimbio.com,Male,Gardiner Springtorpe,+86 267 877 3938,38,China,Senior Financial Analyst
231,delfes6e@usnews.com,Female,Danita Elfes,+1 404 848 0536,16,United States,Food Chemist
232,dwiddowson6f@paginegialle.it,Female,Darda Widdowson,+86 987 550 5098,32,China,VP Product Management
233,adeath6g@accuweather.com,Female,Ardyce D'eath,+86 485 578 1398,52,China,Recruiter
234,rgurys6h@jiathis.com,Male,Richart Gurys,+86 831 722 6222,53,China,Assistant Media Planner
235,lrahl6i@diigo.com,Male,Lockwood Rahl,+86 277 249 4417,29,China,Analyst Programmer
236,btiernan6j@comcast.net,Male,Bevin Tiernan,+27 390 903 9547,53,South Africa,Librarian
237,vlittlefield6k@livejournal.com,Male,Vincenty Littlefield,+86 804 758 4930,36,China,Programmer Analyst I
238,sbess6l@sbwire.com,Male,Sheppard Bess,+66 358 419 6978,31,Thailand,Information Systems Manager
239,abrent6m@cargocollective.com,Male,Austin Brent,+86 748 896 7085,58,China,Chemical Engineer
240,jquare6n@typepad.com,Female,Janot Quare,+86 944 409 5596,43,China,Geological Engineer
241,aewdale6o@yolasite.com,Male,Aloin Ewdale,+86 806 623 2456,51,China,Staff Accountant II
242,wsowthcote6p@webnode.com,Female,Wendeline Sowthcote,+86 210 647 0947,47,China,Senior Cost Accountant
243,lquilliam6q@unicef.org,Female,Loralee Quilliam,+61 976 267 3295,6,Australia,Environmental Tech
244,vmcfadin6r@digg.com,Male,Vassili McFadin,+86 355 147 6927,37,China,Human Resources Manager
245,cbagster6s@nature.com,Female,Chloe Bagster,+86 140 573 7961,10,China,Executive Secretary
246,gfriett6t@posterous.com,Male,Giordano Friett,+86 118 287 7408,27,China,Actuary
247,pmcinnes6u@google.ru,Male,Pavel McInnes,+86 774 880 8558,21,China,Community Outreach Specialist
248,iclotworthy6v@rakuten.co.jp,Female,Inessa Clotworthy,+86 238 871 2589,14,China,Web Designer II
249,btellenbroker6w@time.com,Female,Belle Tellenbroker,+1 864 800 0959,29,United States,Administrative Officer
250,jfeldbau6x@odnoklassniki.ru,Male,Jeremy Feldbau,+86 605 812 9786,24,China,Data Coordiator
251,lhugonneau6y@si.edu,Male,Lucais Hugonneau,+86 110 740 0417,27,China,Account Representative I
252,vwestern6z@technorati.com,Female,Val Western,+44 579 844 1095,49,United Kingdom,Research Associate
253,ycuddihy70@elpais.com,Female,Yettie Cuddihy,+27 949 260 1439,51,South Africa,Account Representative III
254,vweed71@cbslocal.com,Female,Vivien Weed,+86 572 252 1717,41,China,Nurse
255,drimes72@odnoklassniki.ru,Male,Daryle Rimes,+1 414 272 8225,53,United States,Financial Analyst
256,avanlint73@mac.com,Female,Aundrea Vanlint,+86 662 660 8197,49,China,Community Outreach Specialist
257,fmaccracken74@parallels.com,Male,Forster MacCracken,+1 843 237 4442,18,United States,Recruiting Manager
258,paxcel75@yahoo.com,Female,Portia Axcel,+86 767 441 3262,1,China,Food Chemist
259,kyoude76@nps.gov,Male,Knox Youde,+1 585 197 0279,36,United States,Structural Analysis Engineer
260,lloiseau77@liveinternet.ru,Male,Leon L'oiseau,+86 529 265 0234,36,China,Desktop Support Technician
261,eslayton78@state.gov,Female,Electra Slayton,+86 601 892 2589,13,China,Software Engineer IV
262,afranssen79@edublogs.org,Male,Anderson Franssen,+1 407 728 4287,7,United States,Financial Analyst
263,pjustun7a@is.gd,Male,Perice Justun,+86 910 761 1968,8,China,Sales Representative
264,aconeau7b@ihg.com,Female,Aubrie Coneau,+86 430 113 8000,4,China,Analyst Programmer
265,sprine7c@imgur.com,Male,Staffard Prine,+66 701 280 3108,16,Thailand,Editor
266,ccosbey7d@gravatar.com,Male,Chris Cosbey,+66 646 957 9321,42,Thailand,Senior Editor
267,carman7e@prlog.org,Male,Conny Arman,+86 120 640 7870,4,China,Community Outreach Specialist
268,nkimbley7f@dot.gov,Male,Nahum Kimbley,+86 994 109 1733,41,China,Web Designer II
269,asmitherham7g@noaa.gov,Female,Adelaide Smitherham,+86 459 596 3830,23,China,Analyst Programmer
270,sdudson7h@hc360.com,Male,Shalom Dudson,+66 409 937 0436,44,Thailand,Analog Circuit Design manager
271,bjammet7i@slideshare.net,Female,Bobbi Jammet,+1 254 395 6481,18,United States,Mechanical Systems Engineer
272,adust7j@soup.io,Female,Alanna Dust,+1 214 960 5133,13,United States,Paralegal
273,aeplett7k@reference.com,Female,Annabel Eplett,+86 572 366 8398,48,China,Software Engineer I
274,jtimbrell7l@cyberchimps.com,Male,Jeffry Timbrell,+1 330 370 7788,56,United States,Chemical Engineer
275,lreiners7m@instagram.com,Female,Lida Reiners,+86 161 236 4027,7,China,VP Marketing
276,lyewdell7n@npr.org,Female,Latisha Yewdell,+86 456 186 4105,40,China,Senior Cost Accountant
277,adrews7o@berkeley.edu,Male,Alford Drews,+86 255 244 6484,51,China,Research Assistant II
278,pknappett7p@google.nl,Female,Polly Knappett,+86 321 375 7794,49,China,Sales Associate
279,syesenev7q@wikipedia.org,Male,Sanders Yesenev,+86 186 275 9897,15,China,Senior Developer
280,ebould7r@pinterest.com,Male,Eddy Bould,+86 786 460 4120,18,China,Electrical Engineer
281,gridges7s@phpbb.com,Male,Ganny Ridges,+1 210 723 7932,42,United States,Civil Engineer
282,afeldhorn7t@wp.com,Male,Adamo Feldhorn,+66 752 127 3741,52,Thailand,Dental Hygienist
283,lgerbel7u@1und1.de,Male,Lanie Gerbel,+86 280 437 6801,38,China,Programmer I
284,arist7v@digg.com,Male,Anderson Rist,+86 105 292 0197,49,China,Electrical Engineer
285,aalexandre7w@paypal.com,Female,Aubrette Alexandre,+86 816 383 2849,57,China,Food Chemist
286,cunderhill7x@com.com,Female,Concettina Underhill,+86 464 206 9795,9,China,Product Engineer
287,gtolley7y@utexas.edu,Male,Grady Tolley,+86 811 804 3301,6,China,Librarian
288,gjeanel7z@de.vu,Male,Gardener Jeanel,+86 639 763 3914,53,China,Safety Technician II
289,dkinghorne80@ucsd.edu,Male,Dwayne Kinghorne,+86 400 196 1199,20,China,Help Desk Operator
290,dcharkham81@weebly.com,Male,Derby Charkham,+27 636 429 7007,27,South Africa,Project Manager
291,cbargery82@umn.edu,Male,Cy Bargery,+86 596 569 9463,56,China,Assistant Media Planner
292,kabelevitz83@imdb.com,Female,Katie Abelevitz,+86 217 766 7169,37,China,Senior Financial Analyst
293,bdougill84@edublogs.org,Male,Bryon Dougill,+86 199 490 2689,40,China,Associate Professor
294,nbyre85@blogspot.com,Female,Nissy Byre,+86 510 381 2989,58,China,Assistant Professor
295,tdimblebee86@comcast.net,Male,Titus Dimblebee,+86 176 478 9082,22,China,Geologist IV
296,mpetyanin87@csmonitor.com,Female,Margret Petyanin,+86 318 821 3702,1,China,Geologist IV
297,eklausen88@ucoz.com,Female,Elinor Klausen,+1 682 396 0987,60,United States,Sales Representative
298,ltatum89@quantcast.com,Female,Linnell Tatum,+86 678 317 8087,32,China,Sales Associate
299,kdriffill8a@usgs.gov,Male,Keir Driffill,+86 382 315 1564,35,China,Financial Analyst
300,sglendining8b@cocolog-nifty.com,Female,Stormy Glendining,+86 441 557 1439,50,China,Health Coach II
301,enevet8c@phoca.cz,Male,Ermin Nevet,+1 704 762 0087,4,United States,Health Coach I
302,cdunican8d@usatoday.com,Male,Chane Dunican,+86 148 900 7749,41,China,Librarian
303,kbastick8e@dyndns.org,Female,Kania Bastick,+86 460 771 9307,57,China,Analyst Programmer
304,rkendle8f@narod.ru,Female,Roberta Kendle,+86 146 812 2107,37,China,General Manager
305,khollows8g@desdev.cn,Male,Keane Hollows,+86 252 698 1798,27,China,Sales Representative
306,fgraalmans8h@google.ca,Male,Filippo Graalmans,+1 610 498 5247,12,United States,Design Engineer
307,hkings8i@youtu.be,Male,Hiram Kings,+86 212 657 1413,59,China,Director of Sales
308,abravington8j@e-recht24.de,Male,Ansel Bravington,+86 386 728 5496,7,China,Technical Writer
309,bspenley8k@whitehouse.gov,Male,Branden Spenley,+86 747 184 7503,30,China,Nurse
310,ppoulsen8l@yelp.com,Male,Pablo Poulsen,+977 222 302 9813,36,Nepal,Staff Accountant I
311,dannice8m@blogs.com,Female,Daffy Annice,+86 391 537 6016,41,China,Social Worker
312,mgouldbourn8n@wikispaces.com,Female,Marijo Gouldbourn,+86 755 697 0892,11,China,Cost Accountant
313,slattin8o@so-net.ne.jp,Male,Sigvard Lattin,+86 286 801 6073,40,China,Senior Editor
314,tpietranek8p@youtube.com,Male,Tristan Pietranek,+86 261 119 6251,52,China,Statistician IV
315,lmucklow8q@nbcnews.com,Female,Liane Mucklow,+66 767 213 4800,60,Thailand,Cost Accountant
316,dmcfadyen8r@oakley.com,Male,Delainey McFadyen,+86 898 304 0084,23,China,Developer II
317,mbittleson8s@hostgator.com,Male,Mickey Bittleson,+86 622 969 0117,2,China,Programmer IV
318,crhoddie8t@tuttocitta.it,Female,Coraline Rhoddie,+86 110 794 9989,19,China,Environmental Tech
319,cwiburn8u@engadget.com,Male,Cori Wiburn,+27 854 493 7634,37,South Africa,Sales Associate
320,jlivesey8v@nba.com,Female,Jamie Livesey,+86 994 381 3636,14,China,Cost Accountant
321,ekennady8w@sakura.ne.jp,Female,Emylee Kennady,+86 906 748 6376,2,China,Dental Hygienist
322,fzarb8x@spiegel.de,Female,Flo Zarb,+880 555 262 8659,45,Bangladesh,Research Associate
323,biscowitz8y@altervista.org,Male,Bordy Iscowitz,+66 716 404 2187,59,Thailand,Database Administrator I
324,uannatt8z@latimes.com,Female,Ulla Annatt,+86 140 215 8980,23,China,Electrical Engineer
325,cwartonby90@hc360.com,Female,Catie Wartonby,+86 118 831 8801,43,China,Help Desk Technician
326,tpantone91@baidu.com,Male,Timotheus Pantone,+86 766 852 4280,44,China,Speech Pathologist
327,atabord92@yolasite.com,Male,Arvie Tabord,+86 362 560 2886,2,China,Teacher
328,echeine93@ezinearticles.com,Female,Emilia Cheine,+86 813 108 3966,45,China,Assistant Professor
329,mtownes94@biblegateway.com,Male,Michal Townes,+86 132 524 8080,56,China,Automation Specialist II
330,kdellar95@un.org,Male,Kyle Dellar,+86 226 932 0355,33,China,Social Worker
331,jrevely96@google.co.jp,Female,Jacinda Revely,+86 748 464 3096,30,China,Professor
332,struder97@amazon.com,Male,Sonny Truder,+86 487 243 2643,11,China,Director of Sales
333,csodeau98@arizona.edu,Female,Chantalle Sodeau,+86 527 999 2411,58,China,VP Product Management
334,tcelloni99@umn.edu,Female,Timmie Celloni,+1 502 268 0703,17,United States,Geologist IV
335,hescritt9a@narod.ru,Female,Harriette Escritt,+86 227 310 1503,50,China,Desktop Support Technician
336,lsampson9b@scribd.com,Male,Lemmy Sampson,+66 777 455 9408,53,Thailand,Structural Analysis Engineer
337,croz9c@homestead.com,Female,Chrissie Roz,+66 269 543 9810,26,Thailand,Civil Engineer
338,hcurme9d@hostgator.com,Male,Hagen Curme,+86 486 509 0180,48,China,Senior Sales Associate
339,cgolagley9e@blogtalkradio.com,Male,Cass Golagley,+86 348 159 4641,7,China,Research Associate
340,pwaite9f@over-blog.com,Male,Peadar Waite,+86 306 977 1831,55,China,Research Nurse
341,gcolbron9g@nhs.uk,Male,Garwood Colbron,+86 471 791 6665,15,China,Food Chemist
342,pmcaloren9h@creativecommons.org,Male,Parry McAloren,+86 410 158 0815,39,China,Analog Circuit Design manager
343,cheijnen9i@surveymonkey.com,Male,Car Heijnen,+86 233 631 3709,39,China,Senior Sales Associate
344,lbinley9j@ehow.com,Female,Laurie Binley,+27 321 992 4622,2,South Africa,Environmental Tech
345,jbernardoux9k@wordpress.org,Male,Jae Bernardoux,+86 601 580 8885,33,China,Financial Analyst
346,hmckeowon9l@ft.com,Female,Heather McKeowon,+1 617 703 1693,9,United States,Office Assistant II
347,rmoulds9m@nsw.gov.au,Male,Raffaello Moulds,+86 947 622 8775,30,China,VP Marketing
348,tronald9n@accuweather.com,Male,Tristan Ronald,+86 353 884 3720,7,China,Budget/Accounting Analyst II
349,aorrice9o@wikimedia.org,Female,Ashli Orrice,+86 562 468 9129,42,China,Associate Professor
350,mboliver9p@over-blog.com,Male,Michele Boliver,+86 545 174 8827,43,China,Budget/Accounting Analyst III
351,asarrell9q@sina.com.cn,Female,Annadiana Sarrell,+86 800 903 9451,21,China,Developer I
352,atrustrie9r@globo.com,Female,Adrea Trustrie,+86 669 330 1494,25,China,VP Product Management
353,rdockwray9s@yahoo.com,Male,Rurik Dockwray,+86 932 535 2543,22,China,Dental Hygienist
354,boultram9t@discovery.com,Male,Bale Oultram,+86 968 769 5298,39,China,Budget/Accounting Analyst III
355,dfontanet9u@privacy.gov.au,Female,Drona Fontanet,+86 900 669 9588,35,China,VP Product Management
356,kreichartz9v@arizona.edu,Male,Kenny Reichartz,+86 936 147 0022,17,China,Tax Accountant
357,cchastanet9w@hubpages.com,Male,Care Chastanet,+86 238 428 0467,49,China,Administrative Assistant IV
358,edufaire9x@flickr.com,Female,Eleanore Dufaire,+86 784 321 7213,28,China,Biostatistician III
359,mvenning9y@blogspot.com,Female,Miranda Venning,+86 726 517 9648,45,China,Help Desk Operator
360,gmaylin9z@sakura.ne.jp,Female,Germaine Maylin,+86 561 635 3563,28,China,Compensation Analyst
361,ldamirala0@sina.com.cn,Male,Leif Damiral,+86 963 527 9785,49,China,Environmental Tech
362,aguntera1@google.co.uk,Female,Anabelle Gunter,+86 554 562 4174,28,China,Information Systems Manager
363,edenninga2@comsenz.com,Male,Emmerich Denning,+86 860 615 2906,16,China,Community Outreach Specialist
364,astainbridgea3@usa.gov,Female,Adriane Stainbridge,+86 891 688 5375,37,China,Software Engineer II
365,dkentisha4@tinyurl.com,Female,Doll Kentish,+86 566 973 1381,37,China,Geological Engineer
366,mguilloua5@va.gov,Female,Moselle Guillou,+1 661 515 2037,20,United States,Payment Adjustment Coordinator
367,wwawera6@usgs.gov,Male,Wolfgang Wawer,+86 169 153 7537,5,China,Financial Advisor
368,tsicilya7@google.com.br,Male,Tabby Sicily,+86 725 294 1041,11,China,Recruiter
369,dschollera8@1688.com,Male,Dani Scholler,+66 423 190 4636,60,Thailand,Food Chemist
370,bblazewskia9@admin.ch,Male,Bald Blazewski,+86 722 427 3731,1,China,Design Engineer
371,rkinmondaa@jalbum.net,Male,Rudyard Kinmond,+86 670 926 8675,22,China,Research Nurse
372,wreddleab@google.com,Male,Wyatt Reddle,+86 681 834 0371,7,China,Senior Cost Accountant
373,smaddraac@princeton.edu,Female,Sibyl Maddra,+86 715 569 0973,53,China,Dental Hygienist
374,lgollinad@sogou.com,Male,Luther Gollin,+86 331 160 1818,31,China,Clinical Specialist
375,yworsnapae@wikia.com,Female,Yalonda Worsnap,+86 374 734 3039,19,China,Structural Analysis Engineer
376,tbeddoesaf@naver.com,Female,Tootsie Beddoes,+86 347 732 2571,12,China,Developer I
377,jthynnag@mlb.com,Female,Jobie Thynn,+86 288 934 3376,28,China,Sales Associate
378,cgiacubboah@printfriendly.com,Female,Cybil Giacubbo,+86 861 113 1307,49,China,Compensation Analyst
379,sandrolliai@g.co,Female,Sheila-kathryn Androlli,+86 881 726 9625,36,China,Mechanical Systems Engineer
380,pquestedaj@networksolutions.com,Male,Paco Quested,+86 272 484 4405,46,China,Civil Engineer
381,achalcraftak@sourceforge.net,Male,Arvie Chalcraft,+1 919 354 6612,20,United States,Nuclear Power Engineer
382,jmooreal@diigo.com,Female,Jamima Moore,+86 111 866 0157,50,China,Physical Therapy Assistant
383,rmcbeitham@noaa.gov,Female,Robbie McBeith,+86 417 498 1441,49,China,Software Test Engineer II
384,mbozworthan@imageshack.us,Male,Milton Bozworth,+86 408 613 7214,21,China,Analog Circuit Design manager
385,itothao@canalblog.com,Male,Ingrim Toth,+86 887 847 6586,47,China,Human Resources Manager
386,mbuchamap@harvard.edu,Female,Mirabella Bucham,+86 558 210 6700,46,China,Staff Scientist
387,sroddaaq@prlog.org,Male,Stevy Rodda,+66 506 352 1286,44,Thailand,Budget/Accounting Analyst III
388,camottar@economist.com,Female,Cherise Amott,+86 518 647 9166,29,China,Editor
389,pcampoas@shinystat.com,Female,Phillida Campo,+86 872 360 0432,36,China,Chemical Engineer
390,bmcilwraithat@phoca.cz,Female,Bonnie McIlwraith,+86 635 249 9736,42,China,Geological Engineer
391,mdungeyau@simplemachines.org,Male,Marshal Dungey,+66 697 779 7201,36,Thailand,Web Designer IV
392,jsaphav@cafepress.com,Male,Jarrad Saph,+86 271 766 3476,40,China,Assistant Professor
393,selenaw@g.co,Male,Silvester Elen,+86 245 104 0774,15,China,Help Desk Technician
394,lbolleax@last.fm,Male,Ludovico Bolle,+86 249 738 7641,40,China,Technical Writer
395,lkingcoteay@usatoday.com,Female,Leah Kingcote,+86 252 466 4425,55,China,Compensation Analyst
396,smacgillicuddyaz@ucoz.com,Female,Storm MacGillicuddy,+86 685 697 8643,20,China,Pharmacist
397,mlindnerb0@chronoengine.com,Female,Minnnie Lindner,+86 569 959 1920,39,China,Chemical Engineer
398,pfribergb1@wordpress.com,Male,Pincas Friberg,+1 410 478 5933,39,United States,Geologist I
399,bbingeb2@wix.com,Female,Bridget Binge,+86 601 603 3391,8,China,Teacher
400,tsmyeb3@github.io,Male,Timothy Smye,+86 325 371 1698,42,China,Quality Control Specialist
401,ccescotb4@japanpost.jp,Female,Cicily Cescot,+86 761 368 5570,24,China,Desktop Support Technician
402,belwelb5@nba.com,Male,Batholomew Elwel,+66 947 866 2117,4,Thailand,Mechanical Systems Engineer
403,rdinneenb6@zdnet.com,Male,Rogerio Dinneen,+86 989 851 3281,59,China,Developer III
404,lfrieb7@skype.com,Female,Lulu Frie,+86 989 811 0330,24,China,Biostatistician IV
405,nmurricanesb8@w3.org,Female,Natalina Murricanes,+86 672 360 6373,38,China,Technical Writer
406,jlequeuxb9@google.ru,Female,Jacquette Lequeux,+86 138 752 5506,49,China,Data Coordiator
407,kroubyba@de.vu,Male,Karlis Rouby,+86 329 835 5006,46,China,Chemical Engineer
408,wscintsburybb@bloglovin.com,Male,Warner Scintsbury,+86 597 913 1143,15,China,Librarian
409,tsmallbonebc@ucla.edu,Male,Tore Smallbone,+86 343 456 7598,47,China,Senior Quality Engineer
410,kswyersexeybd@smugmug.com,Male,Kippie Swyer-Sexey,+86 541 590 5963,51,China,Analyst Programmer
411,npadberybe@slate.com,Female,Nadeen Padbery,+86 107 259 5869,52,China,Registered Nurse
412,fsandilandbf@opera.com,Male,Fraze Sandiland,+86 289 738 8342,47,China,Professor
413,bnevinsonbg@nbcnews.com,Female,Bunny Nevinson,+86 389 905 0086,45,China,Clinical Specialist
414,dglassonbh@i2i.jp,Female,Daron Glasson,+86 718 280 0460,53,China,Research Assistant II
415,nhodgesbi@live.com,Female,Nicky Hodges,+86 956 737 2519,40,China,Administrative Assistant IV
416,amccambridgebj@com.com,Female,Amata McCambridge,+86 616 779 5384,3,China,Structural Analysis Engineer
417,bduhigbk@alibaba.com,Female,Binnie Duhig,+86 353 635 5915,35,China,Software Engineer I
418,ilampertibl@apple.com,Male,Isak Lamperti,+86 173 985 1234,38,China,Accounting Assistant I
419,ijoslynbm@microsoft.com,Female,Isis Joslyn,+86 581 569 5627,55,China,Assistant Manager
420,wsantarellibn@ucoz.ru,Male,Wade Santarelli,+1 617 813 4209,18,United States,Technical Writer
421,gseedullbo@4shared.com,Female,Gerianna Seedull,+86 918 858 5742,3,China,Legal Assistant
422,cbothamsbp@geocities.com,Male,Charlie Bothams,+86 102 907 8085,4,China,Payment Adjustment Coordinator
423,syakubowiczbq@jalbum.net,Male,Seymour Yakubowicz,+86 182 719 1957,27,China,Social Worker
424,eswannickbr@ehow.com,Female,Eustacia Swannick,+86 538 379 6767,43,China,Registered Nurse
425,avaseybs@dropbox.com,Male,Archibaldo Vasey,+86 736 166 6421,49,China,Structural Engineer
426,rblakelybt@skype.com,Female,Rhoda Blakely,+86 360 980 3477,14,China,Programmer Analyst III
427,tblunkettbu@twitpic.com,Male,Towny Blunkett,+86 209 796 2431,54,China,Software Engineer III
428,erushworthbv@youtube.com,Female,Elianora Rushworth,+86 608 607 0751,33,China,Legal Assistant
429,fbartalinibw@t-online.de,Male,Farrell Bartalini,+86 450 771 5925,7,China,Project Manager
430,aputnambx@weebly.com,Female,Aigneis Putnam,+86 549 597 8491,42,China,Environmental Specialist
431,ifabbriby@aboutads.info,Female,Isidora Fabbri,+86 595 630 7156,17,China,Structural Engineer
432,kbickbz@cmu.edu,Female,Karoly Bick,+86 198 597 6633,1,China,Staff Scientist
433,asargentc0@t.co,Female,Alethea Sargent,+1 405 989 6286,16,United States,Chief Design Engineer
434,kmackroc1@squidoo.com,Male,Kerr Mackro,+86 219 630 2679,45,China,Account Executive
435,fbakesefc2@tmall.com,Female,Federica Bakesef,+86 384 613 3831,23,China,Chief Design Engineer
436,ahourahanc3@un.org,Male,Adelbert Hourahan,+86 839 170 5711,31,China,Compensation Analyst
437,tgyngyllc4@ning.com,Female,Tamma Gyngyll,+86 790 439 3843,39,China,Research Associate
438,npettmanc5@bravesites.com,Female,Neile Pettman,+86 244 458 4782,43,China,Pharmacist
439,amarchamc6@baidu.com,Male,Alvie Marcham,+86 997 942 8760,37,China,Systems Administrator IV
440,amartinatc7@google.ca,Female,Alvira Martinat,+86 301 840 5108,14,China,Director of Sales
441,elissandrinic8@fema.gov,Female,Evangelia Lissandrini,+44 178 549 2967,36,United Kingdom,Health Coach II
442,alongmuirc9@github.com,Female,Aurea Longmuir,+86 193 227 0485,15,China,Statistician II
443,cmacneishca@blogtalkradio.com,Female,Cicely MacNeish,+86 241 311 1957,31,China,VP Sales
444,dloftycb@elpais.com,Male,Demetri Lofty,+86 222 559 0100,33,China,Senior Developer
445,fteodorskicc@webs.com,Female,Florrie Teodorski,+86 853 681 4488,48,China,Environmental Tech
446,omechellcd@thetimes.co.uk,Female,Olimpia Mechell,+86 312 756 9426,21,China,Tax Accountant
447,lcoupece@umn.edu,Male,Lincoln Coupe,+86 224 153 9578,2,China,Speech Pathologist
448,bosburncf@rambler.ru,Female,Bobette Osburn,+1 512 138 3690,11,United States,Product Engineer
449,cspieghtcg@lulu.com,Male,Cos Spieght,+86 649 876 6756,52,China,Sales Representative
450,ikachelch@infoseek.co.jp,Female,Ingaberg Kachel,+86 875 639 3548,6,China,Senior Quality Engineer
451,egeorgeotci@cnn.com,Male,Em Georgeot,+86 357 840 0112,52,China,Media Manager II
452,fhardcastlecj@eepurl.com,Female,Francene Hardcastle,+86 788 660 9290,22,China,General Manager
453,wstobieck@linkedin.com,Male,Willi Stobie,+86 873 885 6086,33,China,Social Worker
454,ddudingcl@google.nl,Male,Dalis Duding,+86 675 465 4627,10,China,Staff Accountant IV
455,dburdyttcm@lycos.com,Male,David Burdytt,+86 595 997 9489,58,China,Recruiter
456,hrisbiecn@illinois.edu,Female,Holly-anne Risbie,+86 773 936 3734,55,China,Editor
457,dmelluishco@jimdo.com,Male,Desmund Melluish,+86 134 567 2844,57,China,Research Associate
458,ppeltzcp@ox.ac.uk,Male,Paxon Peltz,+86 960 164 9201,36,China,Human Resources Manager
459,mstewartcq@parallels.com,Male,Mack Stewart,+86 314 689 3423,5,China,Financial Advisor
460,swabersichcr@sphinn.com,Male,Sargent Wabersich,+86 632 977 8402,38,China,Assistant Media Planner
461,edissmancs@joomla.org,Male,Emmery Dissman,+27 474 455 6080,20,South Africa,Financial Analyst
462,gbalkwillct@biglobe.ne.jp,Female,Greta Balkwill,+66 507 398 8098,21,Thailand,Systems Administrator III
463,jganleycu@soup.io,Male,Jeromy Ganley,+86 105 226 1570,2,China,Account Coordinator
464,uedelheitcv@cloudflare.com,Male,Ulysses Edelheit,+1 321 900 1726,35,United States,Administrative Officer
465,pmccriskencw@redcross.org,Male,Palm McCrisken,+86 134 929 1180,12,China,VP Quality Control
466,mevendencx@virginia.edu,Female,Myrle Evenden,+86 722 591 0179,19,China,Analog Circuit Design manager
467,tdavyscy@patch.com,Male,Talbert Davys,+1 414 895 6258,12,United States,Developer III
468,dbilliardcz@netvibes.com,Female,Debera Billiard,+86 619 213 8630,10,China,Actuary
469,dgrindrodd0@mashable.com,Female,Doralynn Grindrod,+86 625 985 5654,44,China,Chemical Engineer
470,tschuckd1@opera.com,Male,Tann Schuck,+1 812 775 2800,48,United States,Librarian
471,dded2@dedecms.com,Male,Davie De Gouy,+86 960 883 8005,53,China,Senior Developer
472,gwilflingd3@answers.com,Female,Gayel Wilfling,+1 303 288 2780,55,United States,Cost Accountant
473,mcasottid4@weebly.com,Female,Moll Casotti,+86 341 466 4271,47,China,Marketing Manager
474,sfrosselld5@facebook.com,Female,Sula Frossell,+86 439 929 3602,2,China,Nuclear Power Engineer
475,srodderd6@fotki.com,Female,Sharona Rodder,+86 595 484 5650,51,China,Nurse
476,fgared7@behance.net,Female,Florrie Gare,+86 141 583 8014,48,China,Internal Auditor
477,bfillerd8@multiply.com,Female,Bibi Filler,+86 696 594 3981,3,China,Registered Nurse
478,sdobied9@altervista.org,Male,Sylvester Dobie,+86 974 999 0092,36,China,Financial Advisor
479,fgoodierda@ebay.co.uk,Male,Fabian Goodier,+86 660 624 7848,45,China,Recruiting Manager
480,smcterlaghdb@macromedia.com,Male,Stewart McTerlagh,+86 519 776 3696,14,China,Sales Associate
481,ncopsondc@google.co.uk,Female,Nessie Copson,+86 244 791 0709,33,China,Senior Financial Analyst
482,wmoondd@arizona.edu,Male,Worthy Moon,+86 457 885 4250,6,China,Chemical Engineer
483,kpymarde@omniture.com,Male,Kingsley Pymar,+86 663 502 3536,58,China,Account Coordinator
484,btownenddf@newsvine.com,Female,Billie Townend,+1 865 965 1181,45,United States,Assistant Manager
485,wgatherdg@scribd.com,Male,William Gather,+1 480 259 2355,33,United States,Account Executive
486,bfishbourndh@webeden.co.uk,Male,Brady Fishbourn,+86 929 616 6575,31,China,Web Designer IV
487,jflorencedi@dedecms.com,Male,Jackson Florence,+86 376 336 6426,18,China,Software Consultant
488,mcawtdj@nifty.com,Female,Masha Cawt,+86 235 642 6139,43,China,Accountant II
489,werangeydk@pinterest.com,Male,Worthington Erangey,+86 884 438 4451,41,China,Graphic Designer
490,bwhichelowdl@mlb.com,Female,Bethany Whichelow,+86 131 758 2933,35,China,Electrical Engineer
491,tbroudm@mayoclinic.com,Male,Thoma Brou,+86 371 925 1473,21,China,Media Manager IV
492,giannellidn@pen.io,Female,Gilli Iannelli,+86 377 593 3035,14,China,VP Quality Control
493,gabdondo@tripod.com,Female,Gerrilee Abdon,+86 515 208 2721,44,China,Recruiting Manager
494,epaddiedp@sphinn.com,Female,Elwira Paddie,+86 983 172 7223,23,China,Statistician II
495,mjedrasikdq@time.com,Female,Mamie Jedrasik,+86 890 718 7787,32,China,Occupational Therapist
496,itrimedr@desdev.cn,Female,Ilene Trime,+86 819 982 7331,21,China,Dental Hygienist
497,htompkinsds@i2i.jp,Female,Harley Tompkins,+86 851 450 9371,32,China,Software Consultant
498,bparringtondt@eepurl.com,Male,Bill Parrington,+86 238 999 1894,17,China,Quality Engineer
499,pbenerdu@wikia.com,Male,Philip Bener,+1 404 677 1591,57,United States,Payment Adjustment Coordinator
500,hgoreydv@creativecommons.org,Male,Ham Gorey,+86 215 898 0751,29,China,Quality Control Special